row_0,CE,ED,ITC,SPR,UV,Technique_Count
2504,1,1,1,1,1,5
2511,1,1,1,1,1,5
2571,1,1,1,1,1,5
2634,1,1,1,1,1,5
2637,1,1,1,1,1,5
2663,1,1,1,1,1,5
2668,1,1,1,1,1,5
2676,1,1,1,1,1,5
2679,1,1,1,1,1,5
2682,1,1,1,1,1,5
2786,1,1,1,1,1,5
2862,1,1,1,1,1,5
2904,1,1,1,1,1,5
2979,1,1,1,1,1,5
2981,1,1,1,1,1,5
3219,1,1,1,1,1,5
3223,1,1,1,1,1,5
3245,1,1,1,1,1,5
3312,1,1,1,1,1,5
3360,1,1,1,1,1,5
3374,1,1,1,1,1,5
3387,1,1,1,1,1,5
3393,1,1,1,1,1,5
3435,1,1,1,1,1,5
3602,1,1,1,1,1,5
3638,1,1,1,1,1,5
3647,1,1,1,1,1,5
3650,1,1,1,1,1,5
3723,1,1,1,1,1,5
3745,1,1,1,1,1,5
3756,1,1,1,1,1,5
3764,1,1,1,1,1,5
3815,1,1,1,1,1,5
3962,1,1,1,1,1,5
4027,1,1,1,1,1,5
4031,1,1,1,1,1,5
4431,1,1,1,1,1,5
4528,1,1,1,1,1,5
4551,1,1,1,1,1,5
4735,1,1,1,1,1,5
4775,1,1,1,1,1,5
4883,1,1,1,1,1,5
4911,1,1,1,1,1,5
5020,1,1,1,1,1,5
5032,1,1,1,1,1,5
5070,1,1,1,1,1,5
5078,1,1,1,1,1,5
5118,1,1,1,1,1,5
5130,1,1,1,1,1,5
5138,1,1,1,1,1,5
5262,1,1,1,1,1,5
5270,1,1,1,1,1,5
5291,1,1,1,1,1,5
5298,1,1,1,1,1,5
5383,1,1,1,1,1,5
5417,1,1,1,1,1,5
5601,1,1,1,1,1,5
5686,1,1,1,1,1,5
5783,1,1,1,1,1,5
5810,1,1,1,1,1,5
5855,1,1,1,1,1,5
5931,1,1,1,1,1,5
6015,1,1,1,1,1,5
6104,1,1,1,1,1,5
6121,1,1,1,1,1,5
6128,1,1,1,1,1,5
6375,1,1,1,1,1,5
6432,1,1,1,1,1,5
6456,1,1,1,1,1,5
6495,1,1,1,1,1,5
6636,1,1,1,1,1,5
6717,1,1,1,1,1,5
6736,1,1,1,1,1,5
6801,1,1,1,1,1,5
6824,1,1,1,1,1,5
6827,1,1,1,1,1,5
6872,1,1,1,1,1,5
6904,1,1,1,1,1,5
6993,1,1,1,1,1,5
7459,1,1,1,1,1,5
7476,1,1,1,1,1,5
7507,1,1,1,1,1,5
7565,1,1,1,1,1,5
7630,1,1,1,1,1,5
7719,1,1,1,1,1,5
7731,1,1,1,1,1,5
7754,1,1,1,1,1,5
7757,1,1,1,1,1,5
7772,1,1,1,1,1,5
7901,1,1,1,1,1,5
7903,1,1,1,1,1,5
7983,1,1,1,1,1,5
8005,1,1,1,1,1,5
8040,1,1,1,1,1,5
8094,1,1,1,1,1,5
8107,1,1,1,1,1,5
8249,1,1,1,1,1,5
8337,1,1,1,1,1,5
8346,1,1,1,1,1,5
8378,1,1,1,1,1,5
8430,1,1,1,1,1,5
8461,1,1,1,1,1,5
8499,1,1,1,1,1,5
8633,1,1,1,1,1,5
8653,1,1,1,1,1,5
8673,1,1,1,1,1,5
8676,1,1,1,1,1,5
8729,1,1,1,1,1,5
8772,1,1,1,1,1,5
8776,1,1,1,1,1,5
8806,1,1,1,1,1,5
8872,1,1,1,1,1,5
8984,1,1,1,1,1,5
9123,1,1,1,1,1,5
9141,1,1,1,1,1,5
9144,1,1,1,1,1,5
9168,1,1,1,1,1,5
9307,1,1,1,1,1,5
9449,1,1,1,1,1,5
9513,1,1,1,1,1,5
9584,1,1,1,1,1,5
9943,1,1,1,1,1,5
9948,1,1,1,1,1,5
10022,1,1,1,1,1,5
10023,1,1,1,1,1,5
10033,1,1,1,1,1,5
10106,1,1,1,1,1,5
10110,1,1,1,1,1,5
10545,1,1,1,1,1,5
12936,1,1,1,1,1,5
13705,1,1,1,1,1,5
13941,1,1,1,1,1,5
14158,1,1,1,1,1,5
14434,1,1,1,1,1,5
14973,1,1,1,1,1,5
15035,1,1,1,1,1,5
15318,1,1,1,1,1,5
15343,1,1,1,1,1,5
15354,1,1,1,1,1,5
15355,1,1,1,1,1,5
15356,1,1,1,1,1,5
15358,1,1,1,1,1,5
15361,1,1,1,1,1,5
15365,1,1,1,1,1,5
15366,1,1,1,1,1,5
15367,1,1,1,1,1,5
15379,1,1,1,1,1,5
15428,1,1,1,1,1,5
15429,1,1,1,1,1,5
15430,1,1,1,1,1,5
15571,1,1,1,1,1,5
15611,1,1,1,1,1,5
15698,1,1,1,1,1,5
15722,1,1,1,1,1,5
15738,1,1,1,1,1,5
15740,1,1,1,1,1,5
15746,1,1,1,1,1,5
15756,1,1,1,1,1,5
15765,1,1,1,1,1,5
15767,1,1,1,1,1,5
15824,1,1,1,1,1,5
15841,1,1,1,1,1,5
15854,1,1,1,1,1,5
15858,1,1,1,1,1,5
15862,1,1,1,1,1,5
15864,1,1,1,1,1,5
15882,1,1,1,1,1,5
15891,1,1,1,1,1,5
15930,1,1,1,1,1,5
15940,1,1,1,1,1,5
15956,1,1,1,1,1,5
15959,1,1,1,1,1,5
15967,1,1,1,1,1,5
15986,1,1,1,1,1,5
16000,1,1,1,1,1,5
16015,1,1,1,1,1,5
16027,1,1,1,1,1,5
16038,1,1,1,1,1,5
16040,1,1,1,1,1,5
16072,1,1,1,1,1,5
16092,1,1,1,1,1,5
16096,1,1,1,1,1,5
16108,1,1,1,1,1,5
16112,1,1,1,1,1,5
16113,1,1,1,1,1,5
16118,1,1,1,1,1,5
16134,1,1,1,1,1,5
16135,1,1,1,1,1,5
16150,1,1,1,1,1,5
16183,1,1,1,1,1,5
16189,1,1,1,1,1,5
16196,1,1,1,1,1,5
16199,1,1,1,1,1,5
16227,1,1,1,1,1,5
16234,1,1,1,1,1,5
16235,1,1,1,1,1,5
16240,1,1,1,1,1,5
16243,1,1,1,1,1,5
16247,1,1,1,1,1,5
16261,1,1,1,1,1,5
16294,1,1,1,1,1,5
16301,1,1,1,1,1,5
16335,1,1,1,1,1,5
16336,1,1,1,1,1,5
16337,1,1,1,1,1,5
16341,1,1,1,1,1,5
16359,1,1,1,1,1,5
16382,1,1,1,1,1,5
16388,1,1,1,1,1,5
16397,1,1,1,1,1,5
16412,1,1,1,1,1,5
16414,1,1,1,1,1,5
16449,1,1,1,1,1,5
16450,1,1,1,1,1,5
16480,1,1,1,1,1,5
16482,1,1,1,1,1,5
16486,1,1,1,1,1,5
16516,1,1,1,1,1,5
16526,1,1,1,1,1,5
16610,1,1,1,1,1,5
16646,1,1,1,1,1,5
16664,1,1,1,1,1,5
16670,1,1,1,1,1,5
16704,1,1,1,1,1,5
16708,1,1,1,1,1,5
16714,1,1,1,1,1,5
16716,1,1,1,1,1,5
16737,1,1,1,1,1,5
16750,1,1,1,1,1,5
16796,1,1,1,1,1,5
16811,1,1,1,1,1,5
16827,1,1,1,1,1,5
16828,1,1,1,1,1,5
16830,1,1,1,1,1,5
16838,1,1,1,1,1,5
16842,1,1,1,1,1,5
16856,1,1,1,1,1,5
16865,1,1,1,1,1,5
16867,1,1,1,1,1,5
16898,1,1,1,1,1,5
16899,1,1,1,1,1,5
16914,1,1,1,1,1,5
16918,1,1,1,1,1,5
16919,1,1,1,1,1,5
16929,1,1,1,1,1,5
16933,1,1,1,1,1,5
16991,1,1,1,1,1,5
17015,1,1,1,1,1,5
17026,1,1,1,1,1,5
17029,1,1,1,1,1,5
17033,1,1,1,1,1,5
17042,1,1,1,1,1,5
17051,1,1,1,1,1,5
17057,1,1,1,1,1,5
17076,1,1,1,1,1,5
17087,1,1,1,1,1,5
17089,1,1,1,1,1,5
17097,1,1,1,1,1,5
17115,1,1,1,1,1,5
17141,1,1,1,1,1,5
17148,1,1,1,1,1,5
17154,1,1,1,1,1,5
17158,1,1,1,1,1,5
17169,1,1,1,1,1,5
17170,1,1,1,1,1,5
17183,1,1,1,1,1,5
17188,1,1,1,1,1,5
17201,1,1,1,1,1,5
17230,1,1,1,1,1,5
17234,1,1,1,1,1,5
17245,1,1,1,1,1,5
17272,1,1,1,1,1,5
17289,1,1,1,1,1,5
17295,1,1,1,1,1,5
17296,1,1,1,1,1,5
17303,1,1,1,1,1,5
17306,1,1,1,1,1,5
17309,1,1,1,1,1,5
17310,1,1,1,1,1,5
17319,1,1,1,1,1,5
17334,1,1,1,1,1,5
17345,1,1,1,1,1,5
17347,1,1,1,1,1,5
17362,1,1,1,1,1,5
17368,1,1,1,1,1,5
17376,1,1,1,1,1,5
17447,1,1,1,1,1,5
17478,1,1,1,1,1,5
17497,1,1,1,1,1,5
17514,1,1,1,1,1,5
17517,1,1,1,1,1,5
17561,1,1,1,1,1,5
17562,1,1,1,1,1,5
17568,1,1,1,1,1,5
17578,1,1,1,1,1,5
17620,1,1,1,1,1,5
17630,1,1,1,1,1,5
17632,1,1,1,1,1,5
17698,1,1,1,1,1,5
17716,1,1,1,1,1,5
17748,1,1,1,1,1,5
17754,1,1,1,1,1,5
17761,1,1,1,1,1,5
17790,1,1,1,1,1,5
17821,1,1,1,1,1,5
17822,1,1,1,1,1,5
17855,1,1,1,1,1,5
17895,1,1,1,1,1,5
17939,1,1,1,1,1,5
17987,1,1,1,1,1,5
17992,1,1,1,1,1,5
17996,1,1,1,1,1,5
17997,1,1,1,1,1,5
18019,1,1,1,1,1,5
18021,1,1,1,1,1,5
18049,1,1,1,1,1,5
18050,1,1,1,1,1,5
18059,1,1,1,1,1,5
18085,1,1,1,1,1,5
18132,1,1,1,1,1,5
18133,1,1,1,1,1,5
18135,1,1,1,1,1,5
18139,1,1,1,1,1,5
18152,1,1,1,1,1,5
18154,1,1,1,1,1,5
18186,1,1,1,1,1,5
18220,1,1,1,1,1,5
18222,1,1,1,1,1,5
18234,1,1,1,1,1,5
18237,1,1,1,1,1,5
18243,1,1,1,1,1,5
18248,1,1,1,1,1,5
18254,1,1,1,1,1,5
18257,1,1,1,1,1,5
18282,1,1,1,1,1,5
18295,1,1,1,1,1,5
18300,1,1,1,1,1,5
18308,1,1,1,1,1,5
18310,1,1,1,1,1,5
18346,1,1,1,1,1,5
18379,1,1,1,1,1,5
18388,1,1,1,1,1,5
18401,1,1,1,1,1,5
18420,1,1,1,1,1,5
18421,1,1,1,1,1,5
18422,1,1,1,1,1,5
18723,1,1,1,1,1,5
22063,1,1,1,1,1,5
22213,1,1,1,1,1,5
22271,1,1,1,1,1,5
22315,1,1,1,1,1,5
22331,1,1,1,1,1,5
22339,1,1,1,1,1,5
22480,1,1,1,1,1,5
22482,1,1,1,1,1,5
22483,1,1,1,1,1,5
22484,1,1,1,1,1,5
22485,1,1,1,1,1,5
22563,1,1,1,1,1,5
22580,1,1,1,1,1,5
22599,1,1,1,1,1,5
22625,1,1,1,1,1,5
22651,1,1,1,1,1,5
22652,1,1,1,1,1,5
22653,1,1,1,1,1,5
22660,1,1,1,1,1,5
22680,1,1,1,1,1,5
22698,1,1,1,1,1,5
22702,1,1,1,1,1,5
22715,1,1,1,1,1,5
22720,1,1,1,1,1,5
22723,1,1,1,1,1,5
22744,1,1,1,1,1,5
22908,1,1,1,1,1,5
22910,1,1,1,1,1,5
22928,1,1,1,1,1,5
22978,1,1,1,1,1,5
22985,1,1,1,1,1,5
23019,1,1,1,1,1,5
23044,1,1,1,1,1,5
23053,1,1,1,1,1,5
23066,1,1,1,1,1,5
23104,1,1,1,1,1,5
23114,1,1,1,1,1,5
23117,1,1,1,1,1,5
23151,1,1,1,1,1,5
23156,1,1,1,1,1,5
23240,1,1,1,1,1,5
23252,1,1,1,1,1,5
23359,1,1,1,1,1,5
23401,1,1,1,1,1,5
23403,1,1,1,1,1,5
23447,1,1,1,1,1,5
23448,1,1,1,1,1,5
23449,1,1,1,1,1,5
23456,1,1,1,1,1,5
23614,1,1,1,1,1,5
23639,1,1,1,1,1,5
23643,1,1,1,1,1,5
23666,1,1,1,1,1,5
23702,1,1,1,1,1,5
23743,1,1,1,1,1,5
23763,1,1,1,1,1,5
23765,1,1,1,1,1,5
23824,1,1,1,1,1,5
23866,1,1,1,1,1,5
23872,1,1,1,1,1,5
23965,1,1,1,1,1,5
23981,1,1,1,1,1,5
23990,1,1,1,1,1,5
24031,1,1,1,1,1,5
24040,1,1,1,1,1,5
24041,1,1,1,1,1,5
24043,1,1,1,1,1,5
24061,1,1,1,1,1,5
24062,1,1,1,1,1,5
24067,1,1,1,1,1,5
24121,1,1,1,1,1,5
24156,1,1,1,1,1,5
24163,1,1,1,1,1,5
24261,1,1,1,1,1,5
24265,1,1,1,1,1,5
24266,1,1,1,1,1,5
24278,1,1,1,1,1,5
24290,1,1,1,1,1,5
24298,1,1,1,1,1,5
24346,1,1,1,1,1,5
24396,1,1,1,1,1,5
24400,1,1,1,1,1,5
24407,1,1,1,1,1,5
24458,1,1,1,1,1,5
24473,1,1,1,1,1,5
24505,1,1,1,1,1,5
24621,1,1,1,1,1,5
24632,1,1,1,1,1,5
24636,1,1,1,1,1,5
24646,1,1,1,1,1,5
24650,1,1,1,1,1,5
24651,1,1,1,1,1,5
24676,1,1,1,1,1,5
24679,1,1,1,1,1,5
24689,1,1,1,1,1,5
24712,1,1,1,1,1,5
24741,1,1,1,1,1,5
24780,1,1,1,1,1,5
24782,1,1,1,1,1,5
24783,1,1,1,1,1,5
24786,1,1,1,1,1,5
24838,1,1,1,1,1,5
24846,1,1,1,1,1,5
24848,1,1,1,1,1,5
24859,1,1,1,1,1,5
24860,1,1,1,1,1,5
24866,1,1,1,1,1,5
24873,1,1,1,1,1,5
24880,1,1,1,1,1,5
24898,1,1,1,1,1,5
24913,1,1,1,1,1,5
24995,1,1,1,1,1,5
24996,1,1,1,1,1,5
25000,1,1,1,1,1,5
25017,1,1,1,1,1,5
25029,1,1,1,1,1,5
25036,1,1,1,1,1,5
25078,1,1,1,1,1,5
25094,1,1,1,1,1,5
25106,1,1,1,1,1,5
25107,1,1,1,1,1,5
25108,1,1,1,1,1,5
25140,1,1,1,1,1,5
25154,1,1,1,1,1,5
25176,1,1,1,1,1,5
25196,1,1,1,1,1,5
25212,1,1,1,1,1,5
25213,1,1,1,1,1,5
25218,1,1,1,1,1,5
25219,1,1,1,1,1,5
25224,1,1,1,1,1,5
25248,1,1,1,1,1,5
25348,1,1,1,1,1,5
25413,1,1,1,1,1,5
25430,1,1,1,1,1,5
25442,1,1,1,1,1,5
25470,1,1,1,1,1,5
25478,1,1,1,1,1,5
25555,1,1,1,1,1,5
25562,1,1,1,1,1,5
25646,1,1,1,1,1,5
25676,1,1,1,1,1,5
25698,1,1,1,1,1,5
25699,1,1,1,1,1,5
25805,1,1,1,1,1,5
25806,1,1,1,1,1,5
25838,1,1,1,1,1,5
25848,1,1,1,1,1,5
25879,1,1,1,1,1,5
25901,1,1,1,1,1,5
25935,1,1,1,1,1,5
25941,1,1,1,1,1,5
25978,1,1,1,1,1,5
26020,1,1,1,1,1,5
26036,1,1,1,1,1,5
26044,1,1,1,1,1,5
26066,1,1,1,1,1,5
26078,1,1,1,1,1,5
26092,1,1,1,1,1,5
26125,1,1,1,1,1,5
26195,1,1,1,1,1,5
26196,1,1,1,1,1,5
26203,1,1,1,1,1,5
26208,1,1,1,1,1,5
26214,1,1,1,1,1,5
26217,1,1,1,1,1,5
26218,1,1,1,1,1,5
26271,1,1,1,1,1,5
26288,1,1,1,1,1,5
26333,1,1,1,1,1,5
26390,1,1,1,1,1,5
26401,1,1,1,1,1,5
26421,1,1,1,1,1,5
26432,1,1,1,1,1,5
26439,1,1,1,1,1,5
26493,1,1,1,1,1,5
26519,1,1,1,1,1,5
26536,1,1,1,1,1,5
26537,1,1,1,1,1,5
26561,1,1,1,1,1,5
26605,1,1,1,1,1,5
26667,1,1,1,1,1,5
26712,1,1,1,1,1,5
26714,1,1,1,1,1,5
26764,1,1,1,1,1,5
26775,1,1,1,1,1,5
26806,1,1,1,1,1,5
26822,1,1,1,1,1,5
26833,1,1,1,1,1,5
26835,1,1,1,1,1,5
26848,1,1,1,1,1,5
26873,1,1,1,1,1,5
26895,1,1,1,1,1,5
26901,1,1,1,1,1,5
26908,1,1,1,1,1,5
26915,1,1,1,1,1,5
26916,1,1,1,1,1,5
26932,1,1,1,1,1,5
26977,1,1,1,1,1,5
26986,1,1,1,1,1,5
27082,1,1,1,1,1,5
27093,1,1,1,1,1,5
27110,1,1,1,1,1,5
27150,1,1,1,1,1,5
27226,1,1,1,1,1,5
27259,1,1,1,1,1,5
27266,1,1,1,1,1,5
27292,1,1,1,1,1,5
27338,1,1,1,1,1,5
27364,1,1,1,1,1,5
27369,1,1,1,1,1,5
27382,1,1,1,1,1,5
27418,1,1,1,1,1,5
27432,1,1,1,1,1,5
27470,1,1,1,1,1,5
27480,1,1,1,1,1,5
27504,1,1,1,1,1,5
27518,1,1,1,1,1,5
27539,1,1,1,1,1,5
27563,1,1,1,1,1,5
27568,1,1,1,1,1,5
27570,1,1,1,1,1,5
27573,1,1,1,1,1,5
27584,1,1,1,1,1,5
27585,1,1,1,1,1,5
27594,1,1,1,1,1,5
27616,1,1,1,1,1,5
27618,1,1,1,1,1,5
27638,1,1,1,1,1,5
27656,1,1,1,1,1,5
27666,1,1,1,1,1,5
27690,1,1,1,1,1,5
27698,1,1,1,1,1,5
27732,1,1,1,1,1,5
27744,1,1,1,1,1,5
27750,1,1,1,1,1,5
27808,1,1,1,1,1,5
27810,1,1,1,1,1,5
27856,1,1,1,1,1,5
27881,1,1,1,1,1,5
27897,1,1,1,1,1,5
27899,1,1,1,1,1,5
27902,1,1,1,1,1,5
27924,1,1,1,1,1,5
27941,1,1,1,1,1,5
27958,1,1,1,1,1,5
27999,1,1,1,1,1,5
28001,1,1,1,1,1,5
28017,1,1,1,1,1,5
28044,1,1,1,1,1,5
28073,1,1,1,1,1,5
28077,1,1,1,1,1,5
28087,1,1,1,1,1,5
28088,1,1,1,1,1,5
28098,1,1,1,1,1,5
28102,1,1,1,1,1,5
28121,1,1,1,1,1,5
28145,1,1,1,1,1,5
28148,1,1,1,1,1,5
28177,1,1,1,1,1,5
28196,1,1,1,1,1,5
28201,1,1,1,1,1,5
28230,1,1,1,1,1,5
28240,1,1,1,1,1,5
28260,1,1,1,1,1,5
28266,1,1,1,1,1,5
28300,1,1,1,1,1,5
28304,1,1,1,1,1,5
28436,1,1,1,1,1,5
28445,1,1,1,1,1,5
28460,1,1,1,1,1,5
28494,1,1,1,1,1,5
28499,1,1,1,1,1,5
28527,1,1,1,1,1,5
28544,1,1,1,1,1,5
28545,1,1,1,1,1,5
28568,1,1,1,1,1,5
28593,1,1,1,1,1,5
28619,1,1,1,1,1,5
28621,1,1,1,1,1,5
28640,1,1,1,1,1,5
28659,1,1,1,1,1,5
28685,1,1,1,1,1,5
28694,1,1,1,1,1,5
28716,1,1,1,1,1,5
28747,1,1,1,1,1,5
28748,1,1,1,1,1,5
28757,1,1,1,1,1,5
28790,1,1,1,1,1,5
28794,1,1,1,1,1,5
28802,1,1,1,1,1,5
28815,1,1,1,1,1,5
28817,1,1,1,1,1,5
28819,1,1,1,1,1,5
28863,1,1,1,1,1,5
28864,1,1,1,1,1,5
28869,1,1,1,1,1,5
28874,1,1,1,1,1,5
28892,1,1,1,1,1,5
28938,1,1,1,1,1,5
28963,1,1,1,1,1,5
28966,1,1,1,1,1,5
28971,1,1,1,1,1,5
29005,1,1,1,1,1,5
29007,1,1,1,1,1,5
29016,1,1,1,1,1,5
29021,1,1,1,1,1,5
29073,1,1,1,1,1,5
29075,1,1,1,1,1,5
29101,1,1,1,1,1,5
29108,1,1,1,1,1,5
29149,1,1,1,1,1,5
29191,1,1,1,1,1,5
29214,1,1,1,1,1,5
29221,1,1,1,1,1,5
29222,1,1,1,1,1,5
29234,1,1,1,1,1,5
29236,1,1,1,1,1,5
29237,1,1,1,1,1,5
29239,1,1,1,1,1,5
29256,1,1,1,1,1,5
29309,1,1,1,1,1,5
29315,1,1,1,1,1,5
29320,1,1,1,1,1,5
29362,1,1,1,1,1,5
29377,1,1,1,1,1,5
29547,1,1,1,1,1,5
29689,1,1,1,1,1,5
29785,1,1,1,1,1,5
29864,1,1,1,1,1,5
29917,1,1,1,1,1,5
29987,1,1,1,1,1,5
30000,1,1,1,1,1,5
30049,1,1,1,1,1,5
30052,1,1,1,1,1,5
30069,1,1,1,1,1,5
30085,1,1,1,1,1,5
30087,1,1,1,1,1,5
30089,1,1,1,1,1,5
30157,1,1,1,1,1,5
30178,1,1,1,1,1,5
30185,1,1,1,1,1,5
30187,1,1,1,1,1,5
30210,1,1,1,1,1,5
30212,1,1,1,1,1,5
30222,1,1,1,1,1,5
30225,1,1,1,1,1,5
30253,1,1,1,1,1,5
30282,1,1,1,1,1,5
30285,1,1,1,1,1,5
30347,1,1,1,1,1,5
30351,1,1,1,1,1,5
30355,1,1,1,1,1,5
30395,1,1,1,1,1,5
30396,1,1,1,1,1,5
30413,1,1,1,1,1,5
30488,1,1,1,1,1,5
30527,1,1,1,1,1,5
30560,1,1,1,1,1,5
30563,1,1,1,1,1,5
30618,1,1,1,1,1,5
30622,1,1,1,1,1,5
30629,1,1,1,1,1,5
30660,1,1,1,1,1,5
30742,1,1,1,1,1,5
30745,1,1,1,1,1,5
30746,1,1,1,1,1,5
30751,1,1,1,1,1,5
30763,1,1,1,1,1,5
30768,1,1,1,1,1,5
30769,1,1,1,1,1,5
30772,1,1,1,1,1,5
30776,1,1,1,1,1,5
30778,1,1,1,1,1,5
30786,1,1,1,1,1,5
30853,1,1,1,1,1,5
30879,1,1,1,1,1,5
30953,1,1,1,1,1,5
30956,1,1,1,1,1,5
31188,1,1,1,1,1,5
31206,1,1,1,1,1,5
31225,1,1,1,1,1,5
31298,1,1,1,1,1,5
31355,1,1,1,1,1,5
31522,1,1,1,1,1,5
31576,1,1,1,1,1,5
31604,1,1,1,1,1,5
31624,1,1,1,1,1,5
31781,1,1,1,1,1,5
31941,1,1,1,1,1,5
31943,1,1,1,1,1,5
31991,1,1,1,1,1,5
31996,1,1,1,1,1,5
32026,1,1,1,1,1,5
32035,1,1,1,1,1,5
32145,1,1,1,1,1,5
32149,1,1,1,1,1,5
32161,1,1,1,1,1,5
32234,1,1,1,1,1,5
32362,1,1,1,1,1,5
32441,1,1,1,1,1,5
32460,1,1,1,1,1,5
32497,1,1,1,1,1,5
32515,1,1,1,1,1,5
32535,1,1,1,1,1,5
32568,1,1,1,1,1,5
32588,1,1,1,1,1,5
32735,1,1,1,1,1,5
32789,1,1,1,1,1,5
32875,1,1,1,1,1,5
32878,1,1,1,1,1,5
32879,1,1,1,1,1,5
32952,1,1,1,1,1,5
32955,1,1,1,1,1,5
32957,1,1,1,1,1,5
32988,1,1,1,1,1,5
33080,1,1,1,1,1,5
33093,1,1,1,1,1,5
33118,1,1,1,1,1,5
33191,1,1,1,1,1,5
33216,1,1,1,1,1,5
33250,1,1,1,1,1,5
33252,1,1,1,1,1,5
33298,1,1,1,1,1,5
33341,1,1,1,1,1,5
33414,1,1,1,1,1,5
33415,1,1,1,1,1,5
33416,1,1,1,1,1,5
33417,1,1,1,1,1,5
33418,1,1,1,1,1,5
33497,1,1,1,1,1,5
33504,1,1,1,1,1,5
33515,1,1,1,1,1,5
33521,1,1,1,1,1,5
33543,1,1,1,1,1,5
33563,1,1,1,1,1,5
33567,1,1,1,1,1,5
33569,1,1,1,1,1,5
33575,1,1,1,1,1,5
33620,1,1,1,1,1,5
33623,1,1,1,1,1,5
33641,1,1,1,1,1,5
33655,1,1,1,1,1,5
33658,1,1,1,1,1,5
33659,1,1,1,1,1,5
33666,1,1,1,1,1,5
33679,1,1,1,1,1,5
33691,1,1,1,1,1,5
33692,1,1,1,1,1,5
33693,1,1,1,1,1,5
33694,1,1,1,1,1,5
33696,1,1,1,1,1,5
33697,1,1,1,1,1,5
33709,1,1,1,1,1,5
33731,1,1,1,1,1,5
33742,1,1,1,1,1,5
33748,1,1,1,1,1,5
33749,1,1,1,1,1,5
33837,1,1,1,1,1,5
33838,1,1,1,1,1,5
33839,1,1,1,1,1,5
33853,1,1,1,1,1,5
33856,1,1,1,1,1,5
33883,1,1,1,1,1,5
33886,1,1,1,1,1,5
33887,1,1,1,1,1,5
33888,1,1,1,1,1,5
33897,1,1,1,1,1,5
33899,1,1,1,1,1,5
33942,1,1,1,1,1,5
33964,1,1,1,1,1,5
33969,1,1,1,1,1,5
33984,1,1,1,1,1,5
34653,1,1,1,1,1,5
34660,1,1,1,1,1,5
34720,1,1,1,1,1,5
34768,1,1,1,1,1,5
34840,1,1,1,1,1,5
34856,1,1,1,1,1,5
34905,1,1,1,1,1,5
34921,1,1,1,1,1,5
35026,1,1,1,1,1,5
35095,1,1,1,1,1,5
35190,1,1,1,1,1,5
35191,1,1,1,1,1,5
35237,1,1,1,1,1,5
35255,1,1,1,1,1,5
35294,1,1,1,1,1,5
35298,1,1,1,1,1,5
35338,1,1,1,1,1,5
35341,1,1,1,1,1,5
35352,1,1,1,1,1,5
35358,1,1,1,1,1,5
35362,1,1,1,1,1,5
35366,1,1,1,1,1,5
35381,1,1,1,1,1,5
35405,1,1,1,1,1,5
35505,1,1,1,1,1,5
35545,1,1,1,1,1,5
35549,1,1,1,1,1,5
35556,1,1,1,1,1,5
35559,1,1,1,1,1,5
35581,1,1,1,1,1,5
35582,1,1,1,1,1,5
35584,1,1,1,1,1,5
35594,1,1,1,1,1,5
35598,1,1,1,1,1,5
35627,1,1,1,1,1,5
35642,1,1,1,1,1,5
35683,1,1,1,1,1,5
35692,1,1,1,1,1,5
35701,1,1,1,1,1,5
35702,1,1,1,1,1,5
35725,1,1,1,1,1,5
35734,1,1,1,1,1,5
35757,1,1,1,1,1,5
35803,1,1,1,1,1,5
35850,1,1,1,1,1,5
35864,1,1,1,1,1,5
35883,1,1,1,1,1,5
35895,1,1,1,1,1,5
35928,1,1,1,1,1,5
36141,1,1,1,1,1,5
36162,1,1,1,1,1,5
36233,1,1,1,1,1,5
36281,1,1,1,1,1,5
36303,1,1,1,1,1,5
36360,1,1,1,1,1,5
36375,1,1,1,1,1,5
36417,1,1,1,1,1,5
36420,1,1,1,1,1,5
36560,1,1,1,1,1,5
36601,1,1,1,1,1,5
36610,1,1,1,1,1,5
36616,1,1,1,1,1,5
36621,1,1,1,1,1,5
36622,1,1,1,1,1,5
36674,1,1,1,1,1,5
36687,1,1,1,1,1,5
36711,1,1,1,1,1,5
36769,1,1,1,1,1,5
36790,1,1,1,1,1,5
36791,1,1,1,1,1,5
36807,1,1,1,1,1,5
36830,1,1,1,1,1,5
36907,1,1,1,1,1,5
36916,1,1,1,1,1,5
36946,1,1,1,1,1,5
36976,1,1,1,1,1,5
37045,1,1,1,1,1,5
37080,1,1,1,1,1,5
37126,1,1,1,1,1,5
37128,1,1,1,1,1,5
37131,1,1,1,1,1,5
37133,1,1,1,1,1,5
37163,1,1,1,1,1,5
37166,1,1,1,1,1,5
37173,1,1,1,1,1,5
37196,1,1,1,1,1,5
37217,1,1,1,1,1,5
37218,1,1,1,1,1,5
37230,1,1,1,1,1,5
37242,1,1,1,1,1,5
37261,1,1,1,1,1,5
37266,1,1,1,1,1,5
37284,1,1,1,1,1,5
37306,1,1,1,1,1,5
37307,1,1,1,1,1,5
37396,1,1,1,1,1,5
37397,1,1,1,1,1,5
37511,1,1,1,1,1,5
37527,1,1,1,1,1,5
37578,1,1,1,1,1,5
37585,1,1,1,1,1,5
37586,1,1,1,1,1,5
37621,1,1,1,1,1,5
37622,1,1,1,1,1,5
37661,1,1,1,1,1,5
37684,1,1,1,1,1,5
37702,1,1,1,1,1,5
37739,1,1,1,1,1,5
37761,1,1,1,1,1,5
37812,1,1,1,1,1,5
37830,1,1,1,1,1,5
37868,1,1,1,1,1,5
37926,1,1,1,1,1,5
37932,1,1,1,1,1,5
37941,1,1,1,1,1,5
38034,1,1,1,1,1,5
38056,1,1,1,1,1,5
38077,1,1,1,1,1,5
38101,1,1,1,1,1,5
38179,1,1,1,1,1,5
38188,1,1,1,1,1,5
38196,1,1,1,1,1,5
38207,1,1,1,1,1,5
38224,1,1,1,1,1,5
38260,1,1,1,1,1,5
38267,1,1,1,1,1,5
38269,1,1,1,1,1,5
38275,1,1,1,1,1,5
38307,1,1,1,1,1,5
38318,1,1,1,1,1,5
38326,1,1,1,1,1,5
38327,1,1,1,1,1,5
38329,1,1,1,1,1,5
38333,1,1,1,1,1,5
38338,1,1,1,1,1,5
38419,1,1,1,1,1,5
38472,1,1,1,1,1,5
38532,1,1,1,1,1,5
38597,1,1,1,1,1,5
38669,1,1,1,1,1,5
38695,1,1,1,1,1,5
38697,1,1,1,1,1,5
38757,1,1,1,1,1,5
38795,1,1,1,1,1,5
38817,1,1,1,1,1,5
38908,1,1,1,1,1,5
38958,1,1,1,1,1,5
38976,1,1,1,1,1,5
39106,1,1,1,1,1,5
39124,1,1,1,1,1,5
39154,1,1,1,1,1,5
39352,1,1,1,1,1,5
39447,1,1,1,1,1,5
39467,1,1,1,1,1,5
39669,1,1,1,1,1,5
39867,1,1,1,1,1,5
39870,1,1,1,1,1,5
39874,1,1,1,1,1,5
40519,1,1,1,1,1,5
40538,1,1,1,1,1,5
40870,1,1,1,1,1,5
41033,1,1,1,1,1,5
41218,1,1,1,1,1,5
41250,1,1,1,1,1,5
41264,1,1,1,1,1,5
41308,1,1,1,1,1,5
41609,1,1,1,1,1,5
41688,1,1,1,1,1,5
41774,1,1,1,1,1,5
41808,1,1,1,1,1,5
41879,1,1,1,1,1,5
41958,1,1,1,1,1,5
41977,1,1,1,1,1,5
42098,1,1,1,1,1,5
42266,1,1,1,1,1,5
42465,1,1,1,1,1,5
42469,1,1,1,1,1,5
42478,1,1,1,1,1,5
42485,1,1,1,1,1,5
42491,1,1,1,1,1,5
42682,1,1,1,1,1,5
42758,1,1,1,1,1,5
42768,1,1,1,1,1,5
42820,1,1,1,1,1,5
43003,1,1,1,1,1,5
43098,1,1,1,1,1,5
43176,1,1,1,1,1,5
43295,1,1,1,1,1,5
43355,1,1,1,1,1,5
43474,1,1,1,1,1,5
43732,1,1,1,1,1,5
43968,1,1,1,1,1,5
44185,1,1,1,1,1,5
44296,1,1,1,1,1,5
44445,1,1,1,1,1,5
44520,1,1,1,1,1,5
44557,1,1,1,1,1,5
44730,1,1,1,1,1,5
44762,1,1,1,1,1,5
44785,1,1,1,1,1,5
44915,1,1,1,1,1,5
44920,1,1,1,1,1,5
44923,1,1,1,1,1,5
44926,1,1,1,1,1,5
44975,1,1,1,1,1,5
44976,1,1,1,1,1,5
45081,1,1,1,1,1,5
45296,1,1,1,1,1,5
45373,1,1,1,1,1,5
45409,1,1,1,1,1,5
45571,1,1,1,1,1,5
45783,1,1,1,1,1,5
45863,1,1,1,1,1,5
45892,1,1,1,1,1,5
45980,1,1,1,1,1,5
46020,1,1,1,1,1,5
46081,1,1,1,1,1,5
46195,1,1,1,1,1,5
46217,1,1,1,1,1,5
46345,1,1,1,1,1,5
46372,1,1,1,1,1,5
46633,1,1,1,1,1,5
46662,1,1,1,1,1,5
46700,1,1,1,1,1,5
46720,1,1,1,1,1,5
46726,1,1,1,1,1,5
46727,1,1,1,1,1,5
46756,1,1,1,1,1,5
46760,1,1,1,1,1,5
46761,1,1,1,1,1,5
46765,1,1,1,1,1,5
46774,1,1,1,1,1,5
46807,1,1,1,1,1,5
46837,1,1,1,1,1,5
46883,1,1,1,1,1,5
46887,1,1,1,1,1,5
46890,1,1,1,1,1,5
46895,1,1,1,1,1,5
46923,1,1,1,1,1,5
46969,1,1,1,1,1,5
47016,1,1,1,1,1,5
47357,1,1,1,1,1,5
47381,1,1,1,1,1,5
47426,1,1,1,1,1,5
47499,1,1,1,1,1,5
47519,1,1,1,1,1,5
47622,1,1,1,1,1,5
47778,1,1,1,1,1,5
47779,1,1,1,1,1,5
47811,1,1,1,1,1,5
47871,1,1,1,1,1,5
47885,1,1,1,1,1,5
47916,1,1,1,1,1,5
47923,1,1,1,1,1,5
47989,1,1,1,1,1,5
48003,1,1,1,1,1,5
48030,1,1,1,1,1,5
48107,1,1,1,1,1,5
48120,1,1,1,1,1,5
48123,1,1,1,1,1,5
48138,1,1,1,1,1,5
48140,1,1,1,1,1,5
48235,1,1,1,1,1,5
48343,1,1,1,1,1,5
48398,1,1,1,1,1,5
48545,1,1,1,1,1,5
48559,1,1,1,1,1,5
48574,1,1,1,1,1,5
48605,1,1,1,1,1,5
48708,1,1,1,1,1,5
48775,1,1,1,1,1,5
48819,1,1,1,1,1,5
48841,1,1,1,1,1,5
48863,1,1,1,1,1,5
49115,1,1,1,1,1,5
49138,1,1,1,1,1,5
49470,1,1,1,1,1,5
49475,1,1,1,1,1,5
49575,1,1,1,1,1,5
49603,1,1,1,1,1,5
49631,1,1,1,1,1,5
49637,1,1,1,1,1,5
49666,1,1,1,1,1,5
49668,1,1,1,1,1,5
49696,1,1,1,1,1,5
49706,1,1,1,1,1,5
49713,1,1,1,1,1,5
49826,1,1,1,1,1,5
49882,1,1,1,1,1,5
49957,1,1,1,1,1,5
50047,1,1,1,1,1,5
50048,1,1,1,1,1,5
50059,1,1,1,1,1,5
50081,1,1,1,1,1,5
50113,1,1,1,1,1,5
50114,1,1,1,1,1,5
50144,1,1,1,1,1,5
50202,1,1,1,1,1,5
50211,1,1,1,1,1,5
50229,1,1,1,1,1,5
50323,1,1,1,1,1,5
50334,1,1,1,1,1,5
50342,1,1,1,1,1,5
50385,1,1,1,1,1,5
50453,1,1,1,1,1,5
50454,1,1,1,1,1,5
50526,1,1,1,1,1,5
50556,1,1,1,1,1,5
50594,1,1,1,1,1,5
50699,1,1,1,1,1,5
50728,1,1,1,1,1,5
50729,1,1,1,1,1,5
50744,1,1,1,1,1,5
50795,1,1,1,1,1,5
50803,1,1,1,1,1,5
50804,1,1,1,1,1,5
50807,1,1,1,1,1,5
50816,1,1,1,1,1,5
50818,1,1,1,1,1,5
50825,1,1,1,1,1,5
50826,1,1,1,1,1,5
50834,1,1,1,1,1,5
50845,1,1,1,1,1,5
50853,1,1,1,1,1,5
50858,1,1,1,1,1,5
50860,1,1,1,1,1,5
50862,1,1,1,1,1,5
50924,1,1,1,1,1,5
50929,1,1,1,1,1,5
50978,1,1,1,1,1,5
50983,1,1,1,1,1,5
50985,1,1,1,1,1,5
50995,1,1,1,1,1,5
51026,1,1,1,1,1,5
51100,1,1,1,1,1,5
51132,1,1,1,1,1,5
51142,1,1,1,1,1,5
51143,1,1,1,1,1,5
51146,1,1,1,1,1,5
51160,1,1,1,1,1,5
51163,1,1,1,1,1,5
51240,1,1,1,1,1,5
51247,1,1,1,1,1,5
51286,1,1,1,1,1,5
51338,1,1,1,1,1,5
51356,1,1,1,1,1,5
51363,1,1,1,1,1,5
51367,1,1,1,1,1,5
51402,1,1,1,1,1,5
51456,1,1,1,1,1,5
51504,1,1,1,1,1,5
51602,1,1,1,1,1,5
51686,1,1,1,1,1,5
51739,1,1,1,1,1,5
51759,1,1,1,1,1,5
51871,1,1,1,1,1,5
51903,1,1,1,1,1,5
51905,1,1,1,1,1,5
51917,1,1,1,1,1,5
51927,1,1,1,1,1,5
51937,1,1,1,1,1,5
51953,1,1,1,1,1,5
51988,1,1,1,1,1,5
51992,1,1,1,1,1,5
51993,1,1,1,1,1,5
52071,1,1,1,1,1,5
52101,1,1,1,1,1,5
52107,1,1,1,1,1,5
52169,1,1,1,1,1,5
52200,1,1,1,1,1,5
52221,1,1,1,1,1,5
52250,1,1,1,1,1,5
52254,1,1,1,1,1,5
52255,1,1,1,1,1,5
52282,1,1,1,1,1,5
52293,1,1,1,1,1,5
52306,1,1,1,1,1,5
52313,1,1,1,1,1,5
52334,1,1,1,1,1,5
52448,1,1,1,1,1,5
52518,1,1,1,1,1,5
52529,1,1,1,1,1,5
52593,1,1,1,1,1,5
52641,1,1,1,1,1,5
52661,1,1,1,1,1,5
52753,1,1,1,1,1,5
52853,1,1,1,1,1,5
53079,1,1,1,1,1,5
53091,1,1,1,1,1,5
53095,1,1,1,1,1,5
53193,1,1,1,1,1,5
53222,1,1,1,1,1,5
53226,1,1,1,1,1,5
53231,1,1,1,1,1,5
53232,1,1,1,1,1,5
53309,1,1,1,1,1,5
53311,1,1,1,1,1,5
53314,1,1,1,1,1,5
53325,1,1,1,1,1,5
53348,1,1,1,1,1,5
53369,1,1,1,1,1,5
53383,1,1,1,1,1,5
53423,1,1,1,1,1,5
53424,1,1,1,1,1,5
53425,1,1,1,1,1,5
53426,1,1,1,1,1,5
53431,1,1,1,1,1,5
53514,1,1,1,1,1,5
53578,1,1,1,1,1,5
53581,1,1,1,1,1,5
53590,1,1,1,1,1,5
53656,1,1,1,1,1,5
55370,1,1,1,1,1,5
55374,1,1,1,1,1,5
55395,1,1,1,1,1,5
55461,1,1,1,1,1,5
55466,1,1,1,1,1,5
57586,1,1,1,1,1,5
57694,1,1,1,1,1,5
57704,1,1,1,1,1,5
57917,1,1,1,1,1,5
57925,1,1,1,1,1,5
57986,1,1,1,1,1,5
58007,1,1,1,1,1,5
58065,1,1,1,1,1,5
58187,1,1,1,1,1,5
58389,1,1,1,1,1,5
58944,1,1,1,1,1,5
59062,1,1,1,1,1,5
59266,1,1,1,1,1,5
59424,1,1,1,1,1,5
59698,1,1,1,1,1,5
59717,1,1,1,1,1,5
59721,1,1,1,1,1,5
59751,1,1,1,1,1,5
59809,1,1,1,1,1,5
59810,1,1,1,1,1,5
60027,1,1,1,1,1,5
60029,1,1,1,1,1,5
60034,1,1,1,1,1,5
60124,1,1,1,1,1,5
60160,1,1,1,1,1,5
60240,1,1,1,1,1,5
60242,1,1,1,1,1,5
60248,1,1,1,1,1,5
60411,1,1,1,1,1,5
60479,1,1,1,1,1,5
60506,1,1,1,1,1,5
60648,1,1,1,1,1,5
60684,1,1,1,1,1,5
60737,1,1,1,1,1,5
60743,1,1,1,1,1,5
60766,1,1,1,1,1,5
60804,1,1,1,1,1,5
60819,1,1,1,1,1,5
60926,1,1,1,1,1,5
60987,1,1,1,1,1,5
61007,1,1,1,1,1,5
61050,1,1,1,1,1,5
61120,1,1,1,1,1,5
61266,1,1,1,1,1,5
61297,1,1,1,1,1,5
61304,1,1,1,1,1,5
61308,1,1,1,1,1,5
61398,1,1,1,1,1,5
61409,1,1,1,1,1,5
61433,1,1,1,1,1,5
61446,1,1,1,1,1,5
61466,1,1,1,1,1,5
61469,1,1,1,1,1,5
61474,1,1,1,1,1,5
61500,1,1,1,1,1,5
61538,1,1,1,1,1,5
61642,1,1,1,1,1,5
61777,1,1,1,1,1,5
61995,1,1,1,1,1,5
62643,1,1,1,1,1,5
62733,1,1,1,1,1,5
62801,1,1,1,1,1,5
62843,1,1,1,1,1,5
62947,1,1,1,1,1,5
62964,1,1,1,1,1,5
62965,1,1,1,1,1,5
63005,1,1,1,1,1,5
63036,1,1,1,1,1,5
63038,1,1,1,1,1,5
63339,1,1,1,1,1,5
63534,1,1,1,1,1,5
63607,1,1,1,1,1,5
63611,1,1,1,1,1,5
63637,1,1,1,1,1,5
63739,1,1,1,1,1,5
63885,1,1,1,1,1,5
63895,1,1,1,1,1,5
63930,1,1,1,1,1,5
64276,1,1,1,1,1,5
64360,1,1,1,1,1,5
64393,1,1,1,1,1,5
64457,1,1,1,1,1,5
64482,1,1,1,1,1,5
64547,1,1,1,1,1,5
64583,1,1,1,1,1,5
64641,1,1,1,1,1,5
64645,1,1,1,1,1,5
64709,1,1,1,1,1,5
64744,1,1,1,1,1,5
64816,1,1,1,1,1,5
65442,1,1,1,1,1,5
65923,1,1,1,1,1,5
66777,1,1,1,1,1,5
66910,1,1,1,1,1,5
67011,1,1,1,1,1,5
67197,1,1,1,1,1,5
67568,1,1,1,1,1,5
67570,1,1,1,1,1,5
68271,1,1,1,1,1,5
68305,1,1,1,1,1,5
68318,1,1,1,1,1,5
68452,1,1,1,1,1,5
68745,1,1,1,1,1,5
69097,1,1,1,1,1,5
69118,1,1,1,1,1,5
69499,1,1,1,1,1,5
69998,1,1,1,1,1,5
70549,1,1,1,1,1,5
71219,1,1,1,1,1,5
71464,1,1,1,1,1,5
71466,1,1,1,1,1,5
71559,1,1,1,1,1,5
71939,1,1,1,1,1,5
72314,1,1,1,1,1,5
72329,1,1,1,1,1,5
72449,1,1,1,1,1,5
72544,1,1,1,1,1,5
72652,1,1,1,1,1,5
72813,1,1,1,1,1,5
73702,1,1,1,1,1,5
74027,1,1,1,1,1,5
74517,1,1,1,1,1,5
74926,1,1,1,1,1,5
74956,1,1,1,1,1,5
74978,1,1,1,1,1,5
75092,1,1,1,1,1,5
75095,1,1,1,1,1,5
75193,1,1,1,1,1,5
75198,1,1,1,1,1,5
75275,1,1,1,1,1,5
75286,1,1,1,1,1,5
75308,1,1,1,1,1,5
75331,1,1,1,1,1,5
75377,1,1,1,1,1,5
75422,1,1,1,1,1,5
75769,1,1,1,1,1,5
75873,1,1,1,1,1,5
75896,1,1,1,1,1,5
76023,1,1,1,1,1,5
76600,1,1,1,1,1,5
77635,1,1,1,1,1,5
78360,1,1,1,1,1,5
78373,1,1,1,1,1,5
78420,1,1,1,1,1,5
78757,1,1,1,1,1,5
78897,1,1,1,1,1,5
78903,1,1,1,1,1,5
79402,1,1,1,1,1,5
79986,1,1,1,1,1,5
80180,1,1,1,1,1,5
80238,1,1,1,1,1,5
80291,1,1,1,1,1,5
80432,1,1,1,1,1,5
80630,1,1,1,1,1,5
80760,1,1,1,1,1,5
80824,1,1,1,1,1,5
80878,1,1,1,1,1,5
81091,1,1,1,1,1,5
81482,1,1,1,1,1,5
81596,1,1,1,1,1,5
81810,1,1,1,1,1,5
81862,1,1,1,1,1,5
82217,1,1,1,1,1,5
82280,1,1,1,1,1,5
82283,1,1,1,1,1,5
82311,1,1,1,1,1,5
82411,1,1,1,1,1,5
82415,1,1,1,1,1,5
82567,1,1,1,1,1,5
82661,1,1,1,1,1,5
82976,1,1,1,1,1,5
83067,1,1,1,1,1,5
83766,1,1,1,1,1,5
83970,1,1,1,1,1,5
84292,1,1,1,1,1,5
84879,1,1,1,1,1,5
85146,1,1,1,1,1,5
85248,1,1,1,1,1,5
85282,1,1,1,1,1,5
85318,1,1,1,1,1,5
85361,1,1,1,1,1,5
86267,1,1,1,1,1,5
86374,1,1,1,1,1,5
86644,1,1,1,1,1,5
87211,1,1,1,1,1,5
87631,1,1,1,1,1,5
87709,1,1,1,1,1,5
87711,1,1,1,1,1,5
88061,1,1,1,1,1,5
88173,1,1,1,1,1,5
88263,1,1,1,1,1,5
88458,1,1,1,1,1,5
89474,1,1,1,1,1,5
89638,1,1,1,1,1,5
89828,1,1,1,1,1,5
90138,1,1,1,1,1,5
90518,1,1,1,1,1,5
91007,1,1,1,1,1,5
91222,1,1,1,1,1,5
92029,1,1,1,1,1,5
92386,1,1,1,1,1,5
93874,1,1,1,1,1,5
100241,1,1,1,1,1,5
100246,1,1,1,1,1,5
102265,1,1,1,1,1,5
102484,1,1,1,1,1,5
105598,1,1,1,1,1,5
112218,1,1,1,1,1,5
114307,1,1,1,1,1,5
114785,1,1,1,1,1,5
116736,1,1,1,1,1,5
119486,1,1,1,1,1,5
119915,1,1,1,1,1,5
131412,1,1,1,1,1,5
131444,1,1,1,1,1,5
131527,1,1,1,1,1,5
131839,1,1,1,1,1,5
132168,1,1,1,1,1,5
132339,1,1,1,1,1,5
132554,1,1,1,1,1,5
132844,1,1,1,1,1,5
132943,1,1,1,1,1,5
132952,1,1,1,1,1,5
133148,1,1,1,1,1,5
133246,1,1,1,1,1,5
133337,1,1,1,1,1,5
133341,1,1,1,1,1,5
133349,1,1,1,1,1,5
133353,1,1,1,1,1,5
133626,1,1,1,1,1,5
134045,1,1,1,1,1,5
134180,1,1,1,1,1,5
134207,1,1,1,1,1,5
134538,1,1,1,1,1,5
135507,1,1,1,1,1,5
136008,1,1,1,1,1,5
136461,1,1,1,1,1,5
137298,1,1,1,1,1,5
137362,1,1,1,1,1,5
137432,1,1,1,1,1,5
137550,1,1,1,1,1,5
137674,1,1,1,1,1,5
138366,1,1,1,1,1,5
138465,1,1,1,1,1,5
139553,1,1,1,1,1,5
140066,1,1,1,1,1,5
140748,1,1,1,1,1,5
141332,1,1,1,1,1,5
141477,1,1,1,1,1,5
142486,1,1,1,1,1,5
142958,1,1,1,1,1,5
144347,1,1,1,1,1,5
145177,1,1,1,1,1,5
145906,1,1,1,1,1,5
145994,1,1,1,1,1,5
152189,1,1,1,1,1,5
155897,1,1,1,1,1,5
156073,1,1,1,1,1,5
156467,1,1,1,1,1,5
156492,1,1,1,1,1,5
156543,1,1,1,1,1,5
157615,1,1,1,1,1,5
157676,1,1,1,1,1,5
160246,1,1,1,1,1,5
165197,1,1,1,1,1,5
165228,1,1,1,1,1,5
165393,1,1,1,1,1,5
165492,1,1,1,1,1,5
165686,1,1,1,1,1,5
165714,1,1,1,1,1,5
166478,1,1,1,1,1,5
166589,1,1,1,1,1,5
166795,1,1,1,1,1,5
166856,1,1,1,1,1,5
166890,1,1,1,1,1,5
166892,1,1,1,1,1,5
166966,1,1,1,1,1,5
167559,1,1,1,1,1,5
167751,1,1,1,1,1,5
169056,1,1,1,1,1,5
169694,1,1,1,1,1,5
169744,1,1,1,1,1,5
171840,1,1,1,1,1,5
172062,1,1,1,1,1,5
172071,1,1,1,1,1,5
172870,1,1,1,1,1,5
173256,1,1,1,1,1,5
173293,1,1,1,1,1,5
173570,1,1,1,1,1,5
173581,1,1,1,1,1,5
173584,1,1,1,1,1,5
173639,1,1,1,1,1,5
173834,1,1,1,1,1,5
173862,1,1,1,1,1,5
174028,1,1,1,1,1,5
174315,1,1,1,1,1,5
174325,1,1,1,1,1,5
174330,1,1,1,1,1,5
174373,1,1,1,1,1,5
175594,1,1,1,1,1,5
175901,1,1,1,1,1,5
176045,1,1,1,1,1,5
176123,1,1,1,1,1,5
176633,1,1,1,1,1,5
176783,1,1,1,1,1,5
176795,1,1,1,1,1,5
176799,1,1,1,1,1,5
176838,1,1,1,1,1,5
177651,1,1,1,1,1,5
177854,1,1,1,1,1,5
179736,1,1,1,1,1,5
180329,1,1,1,1,1,5
180548,1,1,1,1,1,5
180653,1,1,1,1,1,5
181465,1,1,1,1,1,5
181804,1,1,1,1,1,5
181970,1,1,1,1,1,5
182294,1,1,1,1,1,5
182394,1,1,1,1,1,5
183411,1,1,1,1,1,5
183899,1,1,1,1,1,5
183916,1,1,1,1,1,5
184087,1,1,1,1,1,5
184957,1,1,1,1,1,5
186000,1,1,1,1,1,5
187210,1,1,1,1,1,5
188031,1,1,1,1,1,5
188256,1,1,1,1,1,5
188938,1,1,1,1,1,5
189271,1,1,1,1,1,5
189337,1,1,1,1,1,5
189428,1,1,1,1,1,5
189560,1,1,1,1,1,5
190128,1,1,1,1,1,5
191017,1,1,1,1,1,5
191088,1,1,1,1,1,5
191101,1,1,1,1,1,5
191847,1,1,1,1,1,5
192414,1,1,1,1,1,5
192740,1,1,1,1,1,5
194386,1,1,1,1,1,5
194780,1,1,1,1,1,5
194867,1,1,1,1,1,5
195100,1,1,1,1,1,5
195280,1,1,1,1,1,5
204928,1,1,1,1,1,5
326268,1,1,1,1,1,5
421707,1,1,1,1,1,5
425902,1,1,1,1,1,5
479072,1,1,1,1,1,5
589779,1,1,1,1,1,5
600103,1,1,1,1,1,5
608828,1,1,1,1,1,5
